{
  "disallowDanglingUnderscores": {
    "allExcept": [
      "__dirname"
    ]
  },
  "disallowEmptyBlocks": true,
  "disallowImplicitTypeConversion": [
    "numeric",
    "boolean",
    "binary",
    "string"
  ],
  "disallowKeywordsInComments": [
    "TODO",
    "FIXME"
  ],
  "disallowKeywordsOnNewLine": [
    "else"
  ],
  "disallowKeywords": [
    "with"
  ],
  "disallowMixedSpacesAndTabs": true,
  "disallowMultipleLineBreaks": true,
  "disallowMultipleLineStrings": true,
  "disallowMultipleSpaces": true,
  "disallowNestedTernaries": true,
  "disallowNewlineBeforeBlockStatements": true,
  "disallowPaddingNewlinesBeforeKeywords": [
    "else",
    "case",
    "catch"
  ],
  "disallowPaddingNewlinesInBlocks": true,
  "disallowSpaceAfterLineComment": true,
  "disallowSpaceAfterObjectKeys": true,
  "disallowSpaceBeforeBinaryOperators": [
    ","
  ],
  "disallowSpaceBeforeComma": true,
  "disallowSpaceBeforePostfixUnaryOperators": [
    "++",
    "--"
  ],
  "disallowSpaceBeforeSemicolon": true,
  "disallowSpacesInCallExpression": true,
  "disallowSpacesInFunctionDeclaration": {
    "beforeOpeningRoundBrace": true
  },
  "disallowSpacesInNamedFunctionExpression": {
    "beforeOpeningRoundBrace": true
  },
  "disallowSpacesInsideImportedObjectBraces": true,
  "disallowSpacesInsideObjectBrackets": "all",
  "disallowSpacesInsideParentheses": true,
  "disallowSpacesInsideParenthesizedExpression": true,
  "disallowSpacesInsideTemplateStringPlaceholders": true,
  "disallowTabs": true,
  "disallowTrailingComma": true,
  "disallowTrailingWhitespace": true,
  "disallowUnusedParams": true,
  "disallowUnusedVariables": true,
  "disallowYodaConditions": true,
  "jsDoc": {
    "checkParamExistence": true,
    "checkParamNames": true,
    "requireParamTypes": true,
    "checkReturnTypes": true,
    "checkRedundantReturns": true,
    "requireReturnTypes": true,
    "checkTypes": true,
    "requireHyphenBeforeDescription": true,
    "requireNewlineAfterDescription": true,
    "requireParamDescription": true,
    "requireReturnDescription": true
  },
  "maximumLineLength": 400,
  "requireBlocksOnNewline": true,
  "requireCamelCaseOrUpperCaseIdentifiers": true,
  "requireCapitalizedConstructors": true,
  "requireCommaBeforeLineBreak": true,
  "requireCurlyBraces": [
    "if",
    "else",
    "for",
    "while",
    "do",
    "try",
    "catch"
  ],
  "requireDollarBeforejQueryAssignment": true,
  "requireKeywordsOnNewLine": [
    "switch",
    "do",
    "try",
    "for"
  ],
  "requireLineBreakAfterVariableAssignment": true,
  "requireLineFeedAtFileEnd": true,
  "requireNamedUnassignedFunctions": true,
  "requireObjectKeysOnNewLine": true,
  "requireOperatorBeforeLineBreak": [
    "?",
    "=",
    "+",
    "-",
    "/",
    "*",
    "==",
    "===",
    "!=",
    "!==",
    ">",
    ">=",
    "<",
    "<="
  ],
  "requirePaddingNewLinesAfterUseStrict": true,
  "requirePaddingNewLinesBeforeExport": true,
  "requirePaddingNewLinesInObjects": true,
  "requireParenthesesAroundArrowParam": true,
  "requireParenthesesAroundIIFE": true,
  "requireSemicolons": true,
  "requireSpaceAfterBinaryOperators": [
    "=",
    ",",
    "+",
    "-",
    "/",
    "*",
    "==",
    "===",
    "!=",
    "!=="
  ],
  "requireSpaceAfterComma": true,
  "requireSpaceAfterKeywords": [
    "do",
    "for",
    "if",
    "else",
    "switch",
    "case",
    "try",
    "catch",
    "void",
    "while",
    "with",
    "return",
    "typeof",
    "function"
  ],
  "requireSpaceBeforeBinaryOperators": [
    "=",
    "+",
    "-",
    "/",
    "*",
    "==",
    "===",
    "!=",
    "!=="
  ],
  "requireSpaceBeforeBlockStatements": true,
  "requireSpaceBeforeDestructuredValues": true,
  "requireSpaceBeforeKeywords": [],
  "requireSpaceBeforeObjectValues": true,
  "requireSpaceBetweenArguments": true,
  "requireSpacesInAnonymousFunctionExpression": {
    "beforeOpeningRoundBrace": true,
    "beforeOpeningCurlyBrace": true,
    "allExcept": [
      "shorthand"
    ]
  },
  "requireSpacesInConditionalExpression": {
    "afterTest": true,
    "beforeConsequent": true,
    "afterConsequent": true,
    "beforeAlternate": true
  },
  "requireSpacesInForStatement": true,
  "requireSpacesInFunctionDeclaration": {
    "beforeOpeningCurlyBrace": true
  },
  "requireSpacesInFunctionExpression": {
    "beforeOpeningCurlyBrace": true
  },
  "requireSpacesInFunction": {
    "beforeOpeningCurlyBrace": true
  },
  "requireSpacesInGenerator": {
    "beforeStar": true,
    "afterStar": true
  },
  "requireSpacesInNamedFunctionExpression": {
    "beforeOpeningCurlyBrace": true
  },
  "safeContextKeyword": [
    "self"
  ],
  "validateLineBreaks": "LF",
  "validateNewlineAfterArrayElements": {
    "maximum": 5
  },
  "validateParameterSeparator": ", ",
  "validateQuoteMarks": "'"
}
